implementation,scale,edgefactor,np,median_teps,status,log
cpu,12,16,12,1.18836e+08,ok,/workspace/graph500/results/cpu_gpu_bfs_20260701_230022/logs/cpu_scale_12.log
gpu,12,16,1,1.33086e+07,ok,/workspace/graph500/results/cpu_gpu_bfs_20260701_230022/logs/gpu_scale_12.log
cpu,13,16,12,1.61919e+08,ok,/workspace/graph500/results/cpu_gpu_bfs_20260701_230022/logs/cpu_scale_13.log
gpu,13,16,1,2.08704e+07,ok,/workspace/graph500/results/cpu_gpu_bfs_20260701_230022/logs/gpu_scale_13.log
cpu,14,16,12,1.84855e+08,ok,/workspace/graph500/results/cpu_gpu_bfs_20260701_230022/logs/cpu_scale_14.log
gpu,14,16,1,3.18731e+07,ok,/workspace/graph500/results/cpu_gpu_bfs_20260701_230022/logs/gpu_scale_14.log
cpu,15,16,12,1.87101e+08,ok,/workspace/graph500/results/cpu_gpu_bfs_20260701_230022/logs/cpu_scale_15.log
gpu,15,16,1,4.0772e+07,ok,/workspace/graph500/results/cpu_gpu_bfs_20260701_230022/logs/gpu_scale_15.log
cpu,16,16,12,2.0779e+08,ok,/workspace/graph500/results/cpu_gpu_bfs_20260701_230022/logs/cpu_scale_16.log
gpu,16,16,1,6.11391e+07,ok,/workspace/graph500/results/cpu_gpu_bfs_20260701_230022/logs/gpu_scale_16.log
cpu,17,16,12,2.19391e+08,ok,/workspace/graph500/results/cpu_gpu_bfs_20260701_230022/logs/cpu_scale_17.log
gpu,17,16,1,8.56072e+07,ok,/workspace/graph500/results/cpu_gpu_bfs_20260701_230022/logs/gpu_scale_17.log
cpu,18,16,12,2.26187e+08,ok,/workspace/graph500/results/cpu_gpu_bfs_20260701_230022/logs/cpu_scale_18.log
gpu,18,16,1,1.10411e+08,ok,/workspace/graph500/results/cpu_gpu_bfs_20260701_230022/logs/gpu_scale_18.log
cpu,19,16,12,2.26301e+08,ok,/workspace/graph500/results/cpu_gpu_bfs_20260701_230022/logs/cpu_scale_19.log
gpu,19,16,1,1.43063e+08,ok,/workspace/graph500/results/cpu_gpu_bfs_20260701_230022/logs/gpu_scale_19.log
cpu,20,16,12,2.08037e+08,ok,/workspace/graph500/results/cpu_gpu_bfs_20260701_230022/logs/cpu_scale_20.log
gpu,20,16,1,1.85881e+08,ok,/workspace/graph500/results/cpu_gpu_bfs_20260701_230022/logs/gpu_scale_20.log
cpu,21,16,12,2.1057e+08,ok,/workspace/graph500/results/cpu_gpu_bfs_20260701_230022/logs/cpu_scale_21.log
gpu,21,16,1,2.36604e+08,ok,/workspace/graph500/results/cpu_gpu_bfs_20260701_230022/logs/gpu_scale_21.log
cpu,22,16,12,1.95437e+08,ok,/workspace/graph500/results/cpu_gpu_bfs_20260701_230022/logs/cpu_scale_22.log
gpu,22,16,1,2.53907e+08,ok,/workspace/graph500/results/cpu_gpu_bfs_20260701_230022/logs/gpu_scale_22.log
